<?xml version="1.0" encoding="UTF-8"?>
<skeleton >
  <bones >
    <bone id="0" name="ValveBiped.Bip01" >
      <position x="0.000000" y="38.566898" z="0.533600" />
      <rotation angle="0.000000" >
        <axis x="-0.000003" y="0.000000" z="0.000000" />
      </rotation>
    </bone>
    <bone id="1" name="ValveBiped.Bip01_Pelvis" >
      <position x="0.000000" y="38.566898" z="0.533600" />
      <rotation angle="0.000000" >
        <axis x="-0.000003" y="0.000000" z="0.000000" />
      </rotation>
    </bone>
    <bone id="2" name="ValveBiped.Bip01_L_Thigh" >
      <position x="3.890400" y="0.000000" z="0.000000" />
      <rotation angle="2.061768" >
        <axis x="-0.569175" y="0.596341" z="-0.566054" />
      </rotation>
    </bone>
    <bone id="3" name="ValveBiped.Bip01_L_Calf" >
      <position x="17.848101" y="-0.000043" z="-0.000001" />
      <rotation angle="0.034180" >
        <axis x="0.000024" y="-0.000000" z="1.000144" />
      </rotation>
    </bone>
    <bone id="4" name="ValveBiped.Bip01_L_Foot" >
      <position x="16.525196" y="0.000042" z="-0.000001" />
      <rotation angle="1.073225" >
        <axis x="-0.043825" y="-0.020356" z="-0.998832" />
      </rotation>
    </bone>
    <bone id="5" name="ValveBiped.Bip01_L_Toe0" >
      <position x="6.879400" y="0.000011" z="0.000002" />
      <rotation angle="0.584432" >
        <axis x="-0.013590" y="-0.001258" z="-0.999907" />
      </rotation>
    </bone>
    <bone id="6" name="ValveBiped.Bip01_R_Thigh" >
      <position x="-3.890400" y="0.000000" z="0.000000" />
      <rotation angle="2.067694" >
        <axis x="-0.565051" y="0.598246" z="-0.568172" />
      </rotation>
    </bone>
    <bone id="7" name="ValveBiped.Bip01_R_Calf" >
      <position x="17.848093" y="0.000135" z="-0.000001" />
      <rotation angle="0.034187" >
        <axis x="0.000014" y="0.000001" z="0.999941" />
      </rotation>
    </bone>
    <bone id="8" name="ValveBiped.Bip01_R_Foot" >
      <position x="16.525204" y="0.000041" z="-0.000000" />
      <rotation angle="1.073737" >
        <axis x="0.052791" y="0.014997" z="-0.998493" />
      </rotation>
    </bone>
    <bone id="9" name="ValveBiped.Bip01_R_Toe0" >
      <position x="6.879399" y="-0.000018" z="-0.000001" />
      <rotation angle="0.589969" >
        <axis x="-0.135371" y="0.035424" z="-0.990161" />
      </rotation>
    </bone>
    <bone id="10" name="ValveBiped.Bip01_Spine" >
      <position x="0.000000" y="3.345101" z="-2.981900" />
      <rotation angle="2.045309" >
        <axis x="0.560016" y="0.610545" z="0.560016" />
      </rotation>
    </bone>
    <bone id="11" name="ValveBiped.Bip01_Spine1" >
      <position x="4.018305" y="-0.000020" z="-0.000001" />
      <rotation angle="0.029240" >
        <axis x="-0.000000" y="0.000004" z="-0.999986" />
      </rotation>
    </bone>
    <bone id="12" name="ValveBiped.Bip01_Spine2" >
      <position x="3.518500" y="-0.000019" z="-0.000000" />
      <rotation angle="0.100321" >
        <axis x="0.000000" y="-0.000007" z="1.000007" />
      </rotation>
    </bone>
    <bone id="13" name="ValveBiped.Bip01_Spine4" >
      <position x="8.942599" y="0.000024" z="-0.000007" />
      <rotation angle="0.194097" >
        <axis x="0.000001" y="0.000003" z="1.000000" />
      </rotation>
    </bone>
    <bone id="14" name="ValveBiped.Bip01_Neck1" >
      <position x="4.002636" y="1.586199" z="0.000007" />
      <rotation angle="3.141580" >
        <axis x="0.980020" y="0.198897" z="0.000001" />
      </rotation>
    </bone>
    <bone id="15" name="ValveBiped.Bip01_Head1" >
      <position x="3.593701" y="-0.000005" z="-0.000000" />
      <rotation angle="0.406570" >
        <axis x="-0.000000" y="0.000001" z="1.000001" />
      </rotation>
    </bone>
    <bone id="16" name="ValveBiped.Bip01_L_Clavicle" >
      <position x="2.033302" y="1.000692" z="1.937600" />
      <rotation angle="2.379094" >
        <axis x="-0.509986" y="-0.569617" z="-0.644555" />
      </rotation>
    </bone>
    <bone id="17" name="ValveBiped.Bip01_L_UpperArm" >
      <position x="6.028100" y="-0.000015" z="0.000010" />
      <rotation angle="1.649427" >
        <axis x="-0.919158" y="0.300806" z="-0.254292" />
      </rotation>
    </bone>
    <bone id="18" name="ValveBiped.Bip01_L_Forearm" >
      <position x="11.692494" y="-0.000028" z="0.000006" />
      <rotation angle="0.060368" >
        <axis x="0.000038" y="0.000004" z="-1.000107" />
      </rotation>
    </bone>
    <bone id="19" name="ValveBiped.Bip01_L_Hand" >
      <position x="11.481598" y="0.000021" z="0.000000" />
      <rotation angle="1.578847" >
        <axis x="0.996697" y="-0.030990" z="0.075065" />
      </rotation>
    </bone>
    <bone id="20" name="ValveBiped.Bip01_L_Finger4" >
      <position x="3.859699" y="-0.142402" z="-1.191899" />
      <rotation angle="0.600766" >
        <axis x="-0.524884" y="0.734731" z="-0.429730" />
      </rotation>
    </bone>
    <bone id="21" name="ValveBiped.Bip01_L_Finger41" >
      <position x="1.641136" y="-0.073095" z="0.086136" />
      <rotation angle="0.440567" >
        <axis x="0.066004" y="0.061262" z="-0.995937" />
      </rotation>
    </bone>
    <bone id="22" name="ValveBiped.Bip01_L_Finger42" >
      <position x="0.942436" y="-0.013620" z="0.068367" />
      <rotation angle="0.244508" >
        <axis x="0.075303" y="0.042914" z="-0.996239" />
      </rotation>
    </bone>
    <bone id="23" name="ValveBiped.Bip01_L_Finger3" >
      <position x="3.913762" y="0.060344" z="-0.432350" />
      <rotation angle="0.556682" >
        <axis x="-0.205424" y="0.271363" z="-0.940299" />
      </rotation>
    </bone>
    <bone id="24" name="ValveBiped.Bip01_L_Finger31" >
      <position x="1.711993" y="0.038870" z="0.040072" />
      <rotation angle="0.247933" >
        <axis x="0.027457" y="0.032647" z="-0.999090" />
      </rotation>
    </bone>
    <bone id="25" name="ValveBiped.Bip01_L_Finger32" >
      <position x="1.037315" y="-0.080230" z="0.027400" />
      <rotation angle="0.430897" >
        <axis x="0.032203" y="0.023452" z="-0.999207" />
      </rotation>
    </bone>
    <bone id="26" name="ValveBiped.Bip01_L_Finger2" >
      <position x="3.869972" y="-0.036752" z="0.430927" />
      <rotation angle="0.448037" >
        <axis x="0.183598" y="-0.019410" z="-0.982810" />
      </rotation>
    </bone>
    <bone id="27" name="ValveBiped.Bip01_L_Finger21" >
      <position x="1.719394" y="-0.000004" z="-0.018831" />
      <rotation angle="0.366584" >
        <axis x="-0.006478" y="0.024102" z="-0.999689" />
      </rotation>
    </bone>
    <bone id="28" name="ValveBiped.Bip01_L_Finger22" >
      <position x="1.209070" y="0.000008" z="-0.009100" />
      <rotation angle="0.216454" >
        <axis x="-0.004642" y="0.026571" z="-0.999646" />
      </rotation>
    </bone>
    <bone id="29" name="ValveBiped.Bip01_L_Finger1" >
      <position x="3.860389" y="-0.126324" z="1.332353" />
      <rotation angle="0.526380" >
        <axis x="0.623069" y="-0.302267" z="-0.721402" />
      </rotation>
    </bone>
    <bone id="30" name="ValveBiped.Bip01_L_Finger11" >
      <position x="1.717232" y="-0.000016" z="-0.086267" />
      <rotation angle="0.363068" >
        <axis x="-0.046858" y="0.018044" z="-0.998740" />
      </rotation>
    </bone>
    <bone id="31" name="ValveBiped.Bip01_L_Finger12" >
      <position x="1.098359" y="-0.000001" z="-0.052365" />
      <rotation angle="0.244443" >
        <axis x="-0.043613" y="0.032575" z="-0.998521" />
      </rotation>
    </bone>
    <bone id="32" name="ValveBiped.Bip01_L_Finger0" >
      <position x="0.805997" y="-0.348902" z="1.321200" />
      <rotation angle="1.742292" >
        <axis x="-0.783461" y="-0.062201" z="-0.618320" />
      </rotation>
    </bone>
    <bone id="33" name="ValveBiped.Bip01_L_Finger01" >
      <position x="2.105700" y="-0.388611" z="0.138159" />
      <rotation angle="0.228632" >
        <axis x="-0.003702" y="0.032134" z="0.999479" />
      </rotation>
    </bone>
    <bone id="34" name="ValveBiped.Bip01_L_Finger02" >
      <position x="1.206899" y="0.000009" z="-0.000000" />
      <rotation angle="0.363033" >
        <axis x="-0.005625" y="0.030680" z="0.999514" />
      </rotation>
    </bone>
    <bone id="35" name="ValveBiped.Bip01_R_Clavicle" >
      <position x="2.033299" y="1.000694" z="-1.937600" />
      <rotation angle="2.342856" >
        <axis x="0.498970" y="0.596827" z="-0.628352" />
      </rotation>
    </bone>
    <bone id="36" name="ValveBiped.Bip01_R_UpperArm" >
      <position x="6.028100" y="0.000000" z="-0.000008" />
      <rotation angle="1.715619" >
        <axis x="0.923997" y="-0.282976" z="-0.257205" />
      </rotation>
    </bone>
    <bone id="37" name="ValveBiped.Bip01_R_Forearm" >
      <position x="11.692502" y="0.000002" z="-0.000003" />
      <rotation angle="0.060364" >
        <axis x="0.000038" y="0.000007" z="-1.000020" />
      </rotation>
    </bone>
    <bone id="38" name="ValveBiped.Bip01_R_Hand" >
      <position x="11.481599" y="-0.000056" z="0.000001" />
      <rotation angle="1.570624" >
        <axis x="-0.996670" y="0.031428" z="0.075236" />
      </rotation>
    </bone>
    <bone id="39" name="ValveBiped.Bip01_R_Finger4" >
      <position x="3.859600" y="-0.132511" z="1.193108" />
      <rotation angle="0.603726" >
        <axis x="0.524044" y="-0.740923" z="-0.420014" />
      </rotation>
    </bone>
    <bone id="40" name="ValveBiped.Bip01_R_Finger41" >
      <position x="1.649128" y="-0.000012" z="-0.096907" />
      <rotation angle="0.440760" >
        <axis x="-0.074021" y="-0.069532" z="-0.994830" />
      </rotation>
    </bone>
    <bone id="41" name="ValveBiped.Bip01_R_Finger42" >
      <position x="1.117439" y="0.044267" z="-0.091928" />
      <rotation angle="0.244576" >
        <axis x="-0.083835" y="-0.049604" z="-0.995247" />
      </rotation>
    </bone>
    <bone id="42" name="ValveBiped.Bip01_R_Finger3" >
      <position x="3.910836" y="0.065020" z="0.431930" />
      <rotation angle="0.513263" >
        <axis x="0.215329" y="-0.309042" z="-0.926351" />
      </rotation>
    </bone>
    <bone id="43" name="ValveBiped.Bip01_R_Finger31" >
      <position x="1.674873" y="-0.000041" z="-0.043306" />
      <rotation angle="0.248005" >
        <axis x="-0.030887" y="-0.040539" z="-0.998702" />
      </rotation>
    </bone>
    <bone id="44" name="ValveBiped.Bip01_R_Finger32" >
      <position x="1.195760" y="0.000007" z="-0.036011" />
      <rotation angle="0.430963" >
        <axis x="-0.036787" y="-0.030618" z="-0.998854" />
      </rotation>
    </bone>
    <bone id="45" name="ValveBiped.Bip01_R_Finger2" >
      <position x="3.868610" y="-0.039495" z="-0.430561" />
      <rotation angle="0.434177" >
        <axis x="-0.191660" y="0.011068" z="-0.981400" />
      </rotation>
    </bone>
    <bone id="46" name="ValveBiped.Bip01_R_Finger21" >
      <position x="1.719395" y="0.000010" z="0.018666" />
      <rotation angle="0.366606" >
        <axis x="0.005041" y="-0.031372" z="-0.999496" />
      </rotation>
    </bone>
    <bone id="47" name="ValveBiped.Bip01_R_Finger22" >
      <position x="1.209074" y="0.000003" z="0.008698" />
      <rotation angle="0.216485" >
        <axis x="0.003496" y="-0.034023" z="-0.999419" />
      </rotation>
    </bone>
    <bone id="48" name="ValveBiped.Bip01_R_Finger1" >
      <position x="3.860374" y="-0.136210" z="-1.331242" />
      <rotation angle="0.517467" >
        <axis x="-0.635619" y="0.304418" z="-0.709450" />
      </rotation>
    </bone>
    <bone id="49" name="ValveBiped.Bip01_R_Finger11" >
      <position x="1.716901" y="-0.000012" z="0.092536" />
      <rotation angle="0.363083" >
        <axis x="0.049135" y="-0.025418" z="-0.998468" />
      </rotation>
    </bone>
    <bone id="50" name="ValveBiped.Bip01_R_Finger12" >
      <position x="1.098173" y="0.000000" z="0.056191" />
      <rotation angle="0.244498" >
        <axis x="0.046035" y="-0.041122" z="-0.998096" />
      </rotation>
    </bone>
    <bone id="51" name="ValveBiped.Bip01_R_Finger0" >
      <position x="0.806002" y="-0.359809" z="-1.318298" />
      <rotation angle="1.739568" >
        <axis x="0.782898" y="0.058237" z="-0.619419" />
      </rotation>
    </bone>
    <bone id="52" name="ValveBiped.Bip01_R_Finger01" >
      <position x="2.105701" y="-0.389278" z="-0.136301" />
      <rotation angle="0.228632" >
        <axis x="0.003166" y="-0.027426" z="0.999619" />
      </rotation>
    </bone>
    <bone id="53" name="ValveBiped.Bip01_R_Finger02" >
      <position x="1.206901" y="0.000003" z="0.000001" />
      <rotation angle="0.363028" >
        <axis x="0.004788" y="-0.026183" z="0.999646" />
      </rotation>
    </bone>
    <bone id="54" name="smd_mesh948" >
      <position x="0.000000" y="0.000000" z="0.000000" />
      <rotation angle="1.570796" >
        <axis x="-1.000000" y="0.000000" z="0.000000" />
      </rotation>
    </bone>
    <bone id="55" name="tail0" >
      <position x="0.000000" y="-0.795641" z="-4.378683" />
      <rotation angle="2.333539" >
        <axis x="0.639219" y="-0.639219" z="0.427548" />
      </rotation>
    </bone>
    <bone id="56" name="tail1" >
      <position x="-0.000001" y="-0.000000" z="6.664477" />
      <rotation angle="0.281034" >
        <axis x="0.000000" y="1.000002" z="-0.000000" />
      </rotation>
    </bone>
    <bone id="57" name="tail2" >
      <position x="-0.000001" y="0.000000" z="9.437211" />
      <rotation angle="0.278656" >
        <axis x="-0.000000" y="0.999999" z="-0.000000" />
      </rotation>
    </bone>
    <bone id="58" name="tail3" >
      <position x="0.197953" y="0.000001" z="10.010803" />
      <rotation angle="0.595528" >
        <axis x="0.000000" y="-1.000000" z="0.000000" />
      </rotation>
    </bone>
    <bone id="59" name="tail4" >
      <position x="0.000002" y="-0.000000" z="10.235299" />
      <rotation angle="0.909047" >
        <axis x="0.000003" y="-1.000000" z="-0.000003" />
      </rotation>
    </bone>
  </bones>
  <bonehierarchy >
    <boneparent bone="ValveBiped.Bip01_L_Thigh" parent="ValveBiped.Bip01_Pelvis" />
    <boneparent bone="ValveBiped.Bip01_L_Calf" parent="ValveBiped.Bip01_L_Thigh" />
    <boneparent bone="ValveBiped.Bip01_L_Foot" parent="ValveBiped.Bip01_L_Calf" />
    <boneparent bone="ValveBiped.Bip01_L_Toe0" parent="ValveBiped.Bip01_L_Foot" />
    <boneparent bone="ValveBiped.Bip01_R_Thigh" parent="ValveBiped.Bip01_Pelvis" />
    <boneparent bone="ValveBiped.Bip01_R_Calf" parent="ValveBiped.Bip01_R_Thigh" />
    <boneparent bone="ValveBiped.Bip01_R_Foot" parent="ValveBiped.Bip01_R_Calf" />
    <boneparent bone="ValveBiped.Bip01_R_Toe0" parent="ValveBiped.Bip01_R_Foot" />
    <boneparent bone="ValveBiped.Bip01_Spine" parent="ValveBiped.Bip01_Pelvis" />
    <boneparent bone="ValveBiped.Bip01_Spine1" parent="ValveBiped.Bip01_Spine" />
    <boneparent bone="ValveBiped.Bip01_Spine2" parent="ValveBiped.Bip01_Spine1" />
    <boneparent bone="ValveBiped.Bip01_Spine4" parent="ValveBiped.Bip01_Spine2" />
    <boneparent bone="ValveBiped.Bip01_Neck1" parent="ValveBiped.Bip01_Spine4" />
    <boneparent bone="ValveBiped.Bip01_Head1" parent="ValveBiped.Bip01_Neck1" />
    <boneparent bone="ValveBiped.Bip01_L_Clavicle" parent="ValveBiped.Bip01_Spine4" />
    <boneparent bone="ValveBiped.Bip01_L_UpperArm" parent="ValveBiped.Bip01_L_Clavicle" />
    <boneparent bone="ValveBiped.Bip01_L_Forearm" parent="ValveBiped.Bip01_L_UpperArm" />
    <boneparent bone="ValveBiped.Bip01_L_Hand" parent="ValveBiped.Bip01_L_Forearm" />
    <boneparent bone="ValveBiped.Bip01_L_Finger4" parent="ValveBiped.Bip01_L_Hand" />
    <boneparent bone="ValveBiped.Bip01_L_Finger41" parent="ValveBiped.Bip01_L_Finger4" />
    <boneparent bone="ValveBiped.Bip01_L_Finger42" parent="ValveBiped.Bip01_L_Finger41" />
    <boneparent bone="ValveBiped.Bip01_L_Finger3" parent="ValveBiped.Bip01_L_Hand" />
    <boneparent bone="ValveBiped.Bip01_L_Finger31" parent="ValveBiped.Bip01_L_Finger3" />
    <boneparent bone="ValveBiped.Bip01_L_Finger32" parent="ValveBiped.Bip01_L_Finger31" />
    <boneparent bone="ValveBiped.Bip01_L_Finger2" parent="ValveBiped.Bip01_L_Hand" />
    <boneparent bone="ValveBiped.Bip01_L_Finger21" parent="ValveBiped.Bip01_L_Finger2" />
    <boneparent bone="ValveBiped.Bip01_L_Finger22" parent="ValveBiped.Bip01_L_Finger21" />
    <boneparent bone="ValveBiped.Bip01_L_Finger1" parent="ValveBiped.Bip01_L_Hand" />
    <boneparent bone="ValveBiped.Bip01_L_Finger11" parent="ValveBiped.Bip01_L_Finger1" />
    <boneparent bone="ValveBiped.Bip01_L_Finger12" parent="ValveBiped.Bip01_L_Finger11" />
    <boneparent bone="ValveBiped.Bip01_L_Finger0" parent="ValveBiped.Bip01_L_Hand" />
    <boneparent bone="ValveBiped.Bip01_L_Finger01" parent="ValveBiped.Bip01_L_Finger0" />
    <boneparent bone="ValveBiped.Bip01_L_Finger02" parent="ValveBiped.Bip01_L_Finger01" />
    <boneparent bone="ValveBiped.Bip01_R_Clavicle" parent="ValveBiped.Bip01_Spine4" />
    <boneparent bone="ValveBiped.Bip01_R_UpperArm" parent="ValveBiped.Bip01_R_Clavicle" />
    <boneparent bone="ValveBiped.Bip01_R_Forearm" parent="ValveBiped.Bip01_R_UpperArm" />
    <boneparent bone="ValveBiped.Bip01_R_Hand" parent="ValveBiped.Bip01_R_Forearm" />
    <boneparent bone="ValveBiped.Bip01_R_Finger4" parent="ValveBiped.Bip01_R_Hand" />
    <boneparent bone="ValveBiped.Bip01_R_Finger41" parent="ValveBiped.Bip01_R_Finger4" />
    <boneparent bone="ValveBiped.Bip01_R_Finger42" parent="ValveBiped.Bip01_R_Finger41" />
    <boneparent bone="ValveBiped.Bip01_R_Finger3" parent="ValveBiped.Bip01_R_Hand" />
    <boneparent bone="ValveBiped.Bip01_R_Finger31" parent="ValveBiped.Bip01_R_Finger3" />
    <boneparent bone="ValveBiped.Bip01_R_Finger32" parent="ValveBiped.Bip01_R_Finger31" />
    <boneparent bone="ValveBiped.Bip01_R_Finger2" parent="ValveBiped.Bip01_R_Hand" />
    <boneparent bone="ValveBiped.Bip01_R_Finger21" parent="ValveBiped.Bip01_R_Finger2" />
    <boneparent bone="ValveBiped.Bip01_R_Finger22" parent="ValveBiped.Bip01_R_Finger21" />
    <boneparent bone="ValveBiped.Bip01_R_Finger1" parent="ValveBiped.Bip01_R_Hand" />
    <boneparent bone="ValveBiped.Bip01_R_Finger11" parent="ValveBiped.Bip01_R_Finger1" />
    <boneparent bone="ValveBiped.Bip01_R_Finger12" parent="ValveBiped.Bip01_R_Finger11" />
    <boneparent bone="ValveBiped.Bip01_R_Finger0" parent="ValveBiped.Bip01_R_Hand" />
    <boneparent bone="ValveBiped.Bip01_R_Finger01" parent="ValveBiped.Bip01_R_Finger0" />
    <boneparent bone="ValveBiped.Bip01_R_Finger02" parent="ValveBiped.Bip01_R_Finger01" />
    <boneparent bone="tail0" parent="ValveBiped.Bip01_Pelvis" />
    <boneparent bone="tail1" parent="tail0" />
    <boneparent bone="tail2" parent="tail1" />
    <boneparent bone="tail3" parent="tail2" />
    <boneparent bone="tail4" parent="tail3" />
  </bonehierarchy>
  <animations />
</skeleton>